{
  "S3_corner_1": {
    "x": 0.20809716599190284,
    "y": 0.676
  },
  "S6_corner_1": {
    "x": 0.2785425101214575,
    "y": 0.29733333333333334
  },
  "S6_corner_2": {
    "x": 0.4089068825910931,
    "y": 0.4226666666666667
  },
  "S4_corner_1": {
    "x": 0.22834008097165992,
    "y": 0.20933333333333334
  },
  "S4_corner_2": {
    "x": 0.4493927125506073,
    "y": 0.4226666666666667
  },
  "S1_corner_1": {
    "x": 0.5255060728744939,
    "y": 0.4106666666666667
  },
  "S2_corner_1": {
    "x": 0.6307692307692307,
    "y": 0.2906666666666667
  },
  "S2_corner_2": {
    "x": 0.22753036437246962,
    "y": 0.6746666666666666
  },
  "S5_corner_1": {
    "x": 0.4291497975708502,
    "y": 0.42133333333333334
  },
  "Bietigheim-Bissingen_S5": {
    "x": 0.042105263157894736,
    "y": 0.056
  },
  "Tamm_S5": {
    "x": 0.1076923076923077,
    "y": 0.11733333333333333
  },
  "Asperg_S5": {
    "x": 0.1659919028340081,
    "y": 0.17333333333333334
  },
  "Ludwigsburg_S5": {
    "x": 0.23643724696356275,
    "y": 0.23866666666666667
  },
  "Kornwestheim_S5": {
    "x": 0.2688259109311741,
    "y": 0.26666666666666666
  },
  "Zuffenhausen_S5": {
    "x": 0.31821862348178137,
    "y": 0.31466666666666665
  },
  "Feuerbach_S5": {
    "x": 0.3562753036437247,
    "y": 0.352
  },
  "Nordbahnhof_S5": {
    "x": 0.4,
    "y": 0.39066666666666666
  },
  "Hauptbahnhof_S5": {
    "x": 0.4048582995951417,
    "y": 0.44533333333333336
  },
  "Stadtmitte_S5": {
    "x": 0.38299595141700404,
    "y": 0.468
  },
  "Feuersee_S5": {
    "x": 0.3554655870445344,
    "y": 0.49466666666666664
  },
  "Schwabstraße_S5": {
    "x": 0.32469635627530363,
    "y": 0.5266666666666666
  },
  "Marbach (N)_S4": {
    "x": 0.3838056680161943,
    "y": 0.05466666666666667
  },
  "Benningen (N)_S4": {
    "x": 0.3441295546558704,
    "y": 0.09466666666666666
  },
  "Freiberg (N)_S4": {
    "x": 0.30526315789473685,
    "y": 0.132
  },
  "Favoritepark_S4": {
    "x": 0.26558704453441295,
    "y": 0.168
  },
  "Ludwigsburg_S4": {
    "x": 0.24696356275303644,
    "y": 0.23066666666666666
  },
  "Kornwestheim_S4": {
    "x": 0.2793522267206478,
    "y": 0.25866666666666666
  },
  "Zuffenhausen_S4": {
    "x": 0.3287449392712551,
    "y": 0.30533333333333335
  },
  "Feuerbach_S4": {
    "x": 0.3668016194331984,
    "y": 0.34
  },
  "Nordbahnhof_S4": {
    "x": 0.4097165991902834,
    "y": 0.38266666666666665
  },
  "Hauptbahnhof_S4": {
    "x": 0.4178137651821862,
    "y": 0.4533333333333333
  },
  "Stadtmitte_S4": {
    "x": 0.39271255060728744,
    "y": 0.476
  },
  "Feuersee_S4": {
    "x": 0.3651821862348178,
    "y": 0.504
  },
  "Schwabstraße_S4": {
    "x": 0.3368421052631579,
    "y": 0.532
  },
  "Weil der Stadt_S6": {
    "x": 0.04129554655870445,
    "y": 0.5093333333333333
  },
  "Malmsheim_S6": {
    "x": 0.06882591093117409,
    "y": 0.48133333333333334
  },
  "Renningen_S6": {
    "x": 0.09473684210526316,
    "y": 0.4573333333333333
  },
  "Rutesheim_S6": {
    "x": 0.12226720647773279,
    "y": 0.43333333333333335
  },
  "Leonberg_S6": {
    "x": 0.14979757085020243,
    "y": 0.4093333333333333
  },
  "Höfingen_S6": {
    "x": 0.1748987854251012,
    "y": 0.38666666666666666
  },
  "Ditzingen_S6": {
    "x": 0.19919028340080971,
    "y": 0.364
  },
  "Weilimdorf_S6": {
    "x": 0.22267206477732793,
    "y": 0.3426666666666667
  },
  "Korntal_S6": {
    "x": 0.2437246963562753,
    "y": 0.324
  },
  "Neuwirtshaus_S6": {
    "x": 0.26558704453441295,
    "y": 0.30533333333333335
  },
  "Zuffenhausen_S6": {
    "x": 0.308502024291498,
    "y": 0.324
  },
  "Feuerbach_S6": {
    "x": 0.3465587044534413,
    "y": 0.3626666666666667
  },
  "Nordbahnhof_S6": {
    "x": 0.3910931174089069,
    "y": 0.4013333333333333
  },
  "Hauptbahnhof_S6": {
    "x": 0.3951417004048583,
    "y": 0.43466666666666665
  },
  "Stadtmitte_S6": {
    "x": 0.3724696356275304,
    "y": 0.45866666666666667
  },
  "Feuersee_S6": {
    "x": 0.345748987854251,
    "y": 0.4866666666666667
  },
  "Schwabstraße_S6": {
    "x": 0.31093117408906884,
    "y": 0.5186666666666667
  },
  "Backnang_S3": {
    "x": 0.854251012145749,
    "y": 0.056
  },
  "Maubach_S3": {
    "x": 0.8040485829959514,
    "y": 0.10133333333333333
  },
  "Nellmersbach_S3": {
    "x": 0.7659919028340081,
    "y": 0.14
  },
  "Winnenden_S3": {
    "x": 0.7263157894736842,
    "y": 0.176
  },
  "Schwaikheim_S3": {
    "x": 0.6890688259109312,
    "y": 0.212
  },
  "Neustadt-Hohenacker_S3": {
    "x": 0.6518218623481782,
    "y": 0.24933333333333332
  },
  "Waiblingen_S3": {
    "x": 0.5983805668016194,
    "y": 0.3
  },
  "Fellbach_S3": {
    "x": 0.5716599190283401,
    "y": 0.324
  },
  "Sommerrain_S3": {
    "x": 0.5465587044534413,
    "y": 0.34933333333333333
  },
  "Nürnberger Straße_S3": {
    "x": 0.5222672064777328,
    "y": 0.37466666666666665
  },
  "Bad Cannstatt_S3": {
    "x": 0.4744939271255061,
    "y": 0.4186666666666667
  },
  "Hauptbahnhof_S3": {
    "x": 0.42591093117408907,
    "y": 0.4613333333333333
  },
  "Stadtmitte_S3": {
    "x": 0.40323886639676115,
    "y": 0.48533333333333334
  },
  "Feuersee_S3": {
    "x": 0.3748987854251012,
    "y": 0.512
  },
  "Schwabstraße_S3": {
    "x": 0.34331983805668015,
    "y": 0.5426666666666666
  },
  "Universität_S3": {
    "x": 0.31902834008097164,
    "y": 0.568
  },
  "Österfeld_S3": {
    "x": 0.2923076923076923,
    "y": 0.592
  },
  "Vaihingen_S3": {
    "x": 0.26963562753036435,
    "y": 0.6133333333333333
  },
  "Rohr_S3": {
    "x": 0.242914979757085,
    "y": 0.6373333333333333
  },
  "Oberaichen_S3": {
    "x": 0.25425101214574897,
    "y": 0.72
  },
  "Leinfelden_S3": {
    "x": 0.28987854251012146,
    "y": 0.7546666666666667
  },
  "Echterdingen_S3": {
    "x": 0.32955465587044536,
    "y": 0.7933333333333333
  },
  "Flughafen/Messe_S3": {
    "x": 0.3757085020242915,
    "y": 0.8386666666666667
  },
  "Schorndorf_S2": {
    "x": 0.8615384615384616,
    "y": 0.5053333333333333
  },
  "Weiler_S2": {
    "x": 0.8348178137651822,
    "y": 0.48133333333333334
  },
  "Winterbach_S2": {
    "x": 0.8089068825910931,
    "y": 0.45466666666666666
  },
  "Geradstetten_S2": {
    "x": 0.7854251012145749,
    "y": 0.43333333333333335
  },
  "Grunbach_S2": {
    "x": 0.7595141700404858,
    "y": 0.4066666666666667
  },
  "Beutelsbach_S2": {
    "x": 0.7311740890688259,
    "y": 0.38266666666666665
  },
  "Endersbach_S2": {
    "x": 0.702834008097166,
    "y": 0.356
  },
  "Stetten-Beinstein_S2": {
    "x": 0.6761133603238867,
    "y": 0.332
  },
  "Rommelshausen_S2": {
    "x": 0.648582995951417,
    "y": 0.30533333333333335
  },
  "Waiblingen_S2": {
    "x": 0.6080971659919029,
    "y": 0.308
  },
  "Fellbach_S2": {
    "x": 0.5813765182186235,
    "y": 0.3333333333333333
  },
  "Sommerrain_S2": {
    "x": 0.5554655870445344,
    "y": 0.356
  },
  "Nürnberger Straße_S2": {
    "x": 0.5303643724696356,
    "y": 0.38533333333333336
  },
  "Bad Cannstatt_S2": {
    "x": 0.4842105263157895,
    "y": 0.428
  },
  "Hauptbahnhof_S2": {
    "x": 0.43643724696356273,
    "y": 0.472
  },
  "Stadtmitte_S2": {
    "x": 0.4137651821862348,
    "y": 0.49333333333333335
  },
  "Feuersee_S2": {
    "x": 0.3854251012145749,
    "y": 0.5213333333333333
  },
  "Schwabstraße_S2": {
    "x": 0.35303643724696354,
    "y": 0.552
  },
  "Universität_S2": {
    "x": 0.3271255060728745,
    "y": 0.576
  },
  "Österfeld_S2": {
    "x": 0.3020242914979757,
    "y": 0.6013333333333334
  },
  "Vaihingen_S2": {
    "x": 0.28016194331983807,
    "y": 0.624
  },
  "Rohr_S2": {
    "x": 0.2534412955465587,
    "y": 0.648
  },
  "Oberaichen_S2": {
    "x": 0.2631578947368421,
    "y": 0.712
  },
  "Leinfelden_S2": {
    "x": 0.2979757085020243,
    "y": 0.7453333333333333
  },
  "Echterdingen_S2": {
    "x": 0.3384615384615385,
    "y": 0.7853333333333333
  },
  "Flughafen/Messe_S2": {
    "x": 0.3854251012145749,
    "y": 0.8293333333333334
  },
  "Filderstadt_S2": {
    "x": 0.42267206477732794,